,YEAR-MONTH,COASTAL KARNATAKA,KERALA,RAYALSEEMA,SOUTH INTERIOR KARNATAKA,TAMIL NADU
0,1901-APR,52.4,160.0,12.1,32.7,36.0
1,1901-AUG,606.4,357.5,60.3,109.2,67.9
2,1901-DEC,17.8,48.4,91.3,12.3,80.4
3,1901-FEB,0.6,44.7,50.2,31.8,39.1
4,1901-JAN,1.8,28.7,7.0,4.9,24.5
5,1901-JUL,991.2,743.0,73.4,210.0,49.3
6,1901-JUN,960.9,824.6,53.0,106.0,41.8
7,1901-MAR,10.7,51.6,0.0,3.0,21.7
8,1901-MAY,81.6,174.7,38.9,109.6,74.0
9,1901-NOV,104.9,350.8,137.2,72.5,212.3
10,1901-OCT,120.5,266.9,81.6,170.1,122.3
11,1901-SEP,108.0,197.7,109.0,140.8,191.1
12,1902-APR,10.2,83.9,11.0,42.6,21.9
13,1902-AUG,454.2,315.8,148.3,82.1,113.8
14,1902-DEC,132.2,121.5,36.4,84.9,165.8
15,1902-FEB,0.3,2.6,0.2,0.5,9.8
16,1902-JAN,3.2,6.7,10.0,1.9,67.2
17,1902-JUL,1401.6,1205.0,41.3,210.0,55.1
18,1902-JUN,698.4,390.9,73.6,91.7,39.3
19,1902-MAR,4.9,57.3,1.7,6.7,25.1
20,1902-MAY,54.6,134.5,36.8,97.7,84.7
21,1902-NOV,50.8,158.3,88.9,44.6,174.9
22,1902-OCT,180.4,358.4,188.5,219.1,282.2
23,1902-SEP,708.4,491.6,181.7,138.4,98.6
24,1903-APR,4.1,83.6,3.6,11.6,18.2
25,1903-AUG,593.8,420.2,140.6,155.7,115.0
26,1903-DEC,5.3,59.0,84.0,24.1,203.2
27,1903-FEB,0.0,18.6,0.1,0.0,7.8
28,1903-JAN,0.7,3.2,30.0,0.3,19.3
29,1903-JUL,1405.5,1022.5,127.5,284.4,72.6
30,1903-JUN,536.5,558.6,67.5,129.7,58.5
31,1903-MAR,0.0,3.1,0.0,1.1,1.7
32,1903-MAY,202.8,249.7,80.5,125.1,128.5
33,1903-NOV,79.3,157.0,289.4,186.6,200.5
34,1903-OCT,185.0,354.1,95.3,154.2,128.1
35,1903-SEP,304.4,341.8,219.7,197.1,210.4
36,1904-APR,23.7,71.5,7.1,43.5,19.5
37,1904-AUG,465.6,351.8,19.4,73.2,40.4
38,1904-DEC,0.0,3.3,16.1,0.3,49.1
39,1904-FEB,0.0,3.0,0.0,0.5,0.1
40,1904-JAN,2.4,23.7,14.8,1.0,35.2
41,1904-JUL,1070.0,725.5,75.1,197.1,89.0
42,1904-JUN,1108.2,1098.2,39.8,167.9,34.9
43,1904-MAR,4.8,32.2,1.7,5.2,0.7
44,1904-MAY,93.2,235.7,58.8,144.7,121.9
45,1904-NOV,0.7,33.9,4.4,2.5,23.6
46,1904-OCT,127.2,328.1,111.5,120.4,163.2
47,1904-SEP,245.3,222.7,84.7,89.6,85.7
48,1905-APR,6.4,105.9,18.3,23.6,64.8
49,1905-AUG,586.9,293.6,219.3,140.6,101.8
50,1905-DEC,0.0,0.2,2.0,0.3,3.2
51,1905-FEB,0.2,22.3,6.8,7.9,7.5
52,1905-JAN,0.0,1.2,6.5,1.7,6.5
53,1905-JUL,777.3,520.5,50.9,148.4,39.0
54,1905-JUN,767.3,850.2,66.1,95.9,49.8
55,1905-MAR,0.0,9.4,17.0,14.2,17.2
56,1905-MAY,83.1,263.3,44.2,118.6,83.7
57,1905-NOV,36.1,74.4,55.4,22.4,123.7
58,1905-OCT,222.2,383.5,180.2,142.8,250.4
59,1905-SEP,172.9,217.2,36.5,43.1,73.5
60,1906-APR,0.5,59.4,2.1,4.8,8.5
61,1906-AUG,535.0,442.8,154.4,256.3,195.2
62,1906-DEC,56.8,86.0,132.2,52.6,127.7
63,1906-FEB,0.0,7.4,7.2,1.5,12.9
64,1906-JAN,23.0,26.7,115.3,14.1,52.4
65,1906-JUL,1173.4,954.2,127.9,211.3,76.0
66,1906-JUN,593.6,414.9,84.1,116.4,43.6
67,1906-MAR,0.0,9.9,6.8,2.2,17.0
68,1906-MAY,29.8,160.8,9.6,46.1,39.6
69,1906-NOV,22.1,163.1,35.0,16.5,189.1
70,1906-OCT,128.5,251.7,107.7,173.4,162.8
71,1906-SEP,273.3,131.2,130.4,109.5,65.3
72,1907-APR,91.3,170.8,82.5,84.7,78.9
73,1907-AUG,1026.1,981.5,34.3,219.4,58.2
74,1907-DEC,9.8,52.8,58.0,14.1,63.2
75,1907-FEB,0.0,4.8,0.0,0.0,1.2
76,1907-JAN,7.0,18.8,1.1,4.5,8.4
77,1907-JUL,1166.3,760.4,100.5,231.5,70.4
78,1907-JUN,845.9,770.9,50.5,137.4,46.1
79,1907-MAR,2.7,55.7,6.5,11.7,25.0
80,1907-MAY,19.0,101.4,8.6,46.5,56.6
81,1907-NOV,55.8,219.1,140.7,49.5,200.0
82,1907-OCT,87.7,309.7,60.0,52.6,160.4
83,1907-SEP,223.6,225.0,97.7,146.5,117.2
84,1908-APR,46.1,102.9,5.5,44.4,24.5
85,1908-AUG,766.6,352.9,45.5,118.1,48.4
86,1908-DEC,0.0,11.0,6.8,0.5,20.1
87,1908-FEB,3.1,20.8,4.3,2.4,36.9
88,1908-JAN,0.0,8.0,5.7,8.3,16.8
89,1908-JUL,1904.9,902.2,65.0,263.6,37.5
90,1908-JUN,708.6,592.6,36.2,92.2,34.2
91,1908-MAR,0.9,38.2,4.7,9.3,25.0
92,1908-MAY,38.0,142.6,41.2,92.5,70.3
93,1908-NOV,2.5,47.9,27.9,1.2,36.1
94,1908-OCT,56.8,253.3,151.8,69.6,261.0
95,1908-SEP,128.0,175.9,222.6,88.0,154.2
96,1909-APR,6.3,93.8,42.2,42.1,68.6
97,1909-AUG,315.6,258.0,290.1,190.5,206.6
98,1909-DEC,3.2,32.3,0.3,9.7,20.8
99,1909-FEB,1.0,11.8,0.0,1.2,11.2
100,1909-JAN,4.0,54.1,89.2,19.8,116.5
101,1909-JUL,1285.6,782.3,61.5,245.5,36.1
102,1909-JUN,943.1,704.7,34.8,138.9,30.8
103,1909-MAR,3.7,61.3,0.0,6.7,7.7
104,1909-MAY,200.1,473.2,105.4,166.6,117.4
105,1909-NOV,47.8,171.1,12.8,35.8,74.7
106,1909-OCT,68.8,212.1,29.4,121.5,158.0
107,1909-SEP,293.8,195.4,205.0,109.0,106.1
108,1910-APR,6.2,124.5,13.1,27.0,26.8
109,1910-AUG,651.2,473.8,188.2,232.6,142.0
110,1910-DEC,0.0,0.1,0.0,0.0,0.6
111,1910-FEB,0.0,25.7,2.1,1.1,21.2
112,1910-JAN,0.0,2.7,0.6,0.0,9.2
113,1910-JUL,589.5,484.1,197.9,254.1,148.1
114,1910-JUN,1042.2,680.0,46.5,124.9,51.5
115,1910-MAR,5.0,23.3,0.7,7.5,2.4
116,1910-MAY,40.2,148.8,33.3,89.8,64.7
117,1910-NOV,67.0,280.4,148.4,77.0,146.7
118,1910-OCT,177.8,356.6,205.1,219.6,278.0
119,1910-SEP,441.7,248.6,165.3,123.5,52.4
120,1911-APR,3.2,51.0,20.9,28.8,30.8
121,1911-AUG,538.3,178.6,47.5,84.0,28.9
122,1911-DEC,17.5,87.6,35.9,7.9,130.1
123,1911-FEB,0.0,4.3,0.0,0.1,1.1
124,1911-JAN,0.0,3.0,0.0,0.8,2.8
125,1911-JUL,830.1,705.3,73.6,225.7,50.3
126,1911-JUN,749.5,990.0,54.0,174.8,70.7
127,1911-MAR,0.0,18.2,0.8,5.2,6.0
128,1911-MAY,71.0,180.6,65.0,123.2,72.1
129,1911-NOV,41.6,145.7,83.2,35.8,176.2
130,1911-OCT,160.8,302.3,102.1,156.7,125.6
131,1911-SEP,110.3,60.2,107.6,63.3,120.5
132,1912-APR,30.5,122.7,5.6,41.7,18.5
133,1912-AUG,789.2,534.4,93.3,181.3,74.2
134,1912-DEC,0.4,22.0,0.2,0.1,23.9
135,1912-FEB,0.0,15.0,4.1,4.6,2.8
136,1912-JAN,1.1,1.9,1.1,0.8,5.9
137,1912-JUL,1261.5,833.6,67.3,291.9,34.8
138,1912-JUN,787.6,948.2,35.4,133.0,46.7
139,1912-MAR,0.0,11.2,0.6,2.7,2.9
140,1912-MAY,64.0,217.3,24.3,70.1,64.2
141,1912-NOV,80.1,138.7,223.8,57.6,259.3
142,1912-OCT,220.9,469.5,157.8,190.0,244.2
143,1912-SEP,160.8,136.8,132.0,176.1,126.7
144,1913-APR,10.6,75.7,10.8,22.3,21.0
145,1913-AUG,410.7,247.2,36.9,88.4,62.3
146,1913-DEC,4.0,45.8,65.6,3.1,117.7
147,1913-FEB,0.4,5.2,0.4,0.1,3.2
148,1913-JAN,0.0,3.1,0.0,0.0,2.9
149,1913-JUL,1048.0,763.2,93.3,257.5,58.7
150,1913-JUN,786.5,541.7,37.0,124.5,29.7
151,1913-MAR,0.5,20.7,0.9,1.0,6.6
152,1913-MAY,74.2,198.8,52.8,93.4,64.6
153,1913-NOV,1.2,109.9,12.3,1.4,184.1
154,1913-OCT,339.1,422.5,184.2,133.6,203.4
155,1913-SEP,161.0,176.9,122.1,151.0,124.8
156,1914-APR,7.2,32.7,23.5,16.0,34.6
157,1914-AUG,933.8,402.2,130.0,153.3,98.4
158,1914-DEC,36.6,135.2,12.4,26.0,132.0
159,1914-FEB,0.0,6.8,1.3,0.6,1.9
160,1914-JAN,0.0,0.7,2.4,0.0,5.7
161,1914-JUL,1583.7,857.7,72.5,309.7,37.6
162,1914-JUN,743.2,565.3,65.3,69.6,37.9
163,1914-MAR,0.0,18.1,1.2,1.7,5.6
164,1914-MAY,36.9,164.2,53.2,62.6,57.1
165,1914-NOV,102.7,100.9,61.3,64.0,129.1
166,1914-OCT,125.9,374.4,83.4,115.3,281.2
167,1914-SEP,302.8,241.0,171.9,107.9,132.2
168,1915-APR,48.8,106.0,11.9,43.9,37.0
169,1915-AUG,388.9,298.8,59.7,75.7,82.9
170,1915-DEC,4.2,14.9,5.9,9.5,61.5
171,1915-FEB,2.3,23.5,4.8,2.6,18.1
172,1915-JAN,0.1,16.9,44.9,9.7,35.1
173,1915-JUL,773.2,775.6,155.3,184.2,117.7
174,1915-JUN,785.0,696.1,55.3,222.9,66.4
175,1915-MAR,2.0,42.7,80.2,31.6,43.6
176,1915-MAY,75.2,154.5,47.4,66.5,52.4
177,1915-NOV,96.9,302.5,225.1,93.4,241.0
178,1915-OCT,168.3,196.6,64.6,106.7,99.9
179,1915-SEP,304.0,396.6,167.9,185.0,133.0
180,1916-APR,25.2,82.4,7.9,23.9,19.2
181,1916-AUG,617.0,396.9,160.2,204.7,125.5
182,1916-DEC,0.0,8.9,10.4,7.4,33.2
183,1916-FEB,0.0,7.8,1.3,0.1,3.2
184,1916-JAN,0.0,0.0,0.0,0.0,0.1
185,1916-JUL,633.5,513.9,210.1,188.5,168.6
186,1916-JUN,1051.4,920.2,48.1,184.0,34.5
187,1916-MAR,0.3,22.0,0.0,0.2,3.1
188,1916-MAY,88.7,199.0,32.9,146.3,61.1
189,1916-NOV,255.2,134.3,140.9,151.6,145.7
190,1916-OCT,208.7,320.7,252.5,178.4,208.6
191,1916-SEP,587.8,339.3,182.9,145.5,94.7
192,1917-APR,10.2,38.1,5.4,18.4,11.9
193,1917-AUG,597.6,335.1,171.5,171.2,155.7
194,1917-DEC,0.0,41.6,21.9,1.0,45.9
195,1917-FEB,29.8,47.6,35.6,37.2,39.1
196,1917-JAN,0.0,2.9,4.5,0.3,14.3
197,1917-JUL,766.1,342.7,63.0,104.4,45.1
198,1917-JUN,1075.7,703.7,86.5,163.8,72.4
199,1917-MAR,7.1,79.4,7.2,15.9,32.3
200,1917-MAY,52.6,122.9,63.0,51.8,77.5
201,1917-NOV,64.8,256.4,105.1,94.7,167.5
202,1917-OCT,319.6,264.1,183.8,160.0,123.1
203,1917-SEP,500.5,470.3,185.6,275.6,163.5
204,1918-APR,11.4,51.3,10.4,41.0,9.9
205,1918-AUG,485.4,376.0,74.1,102.7,58.6
206,1918-DEC,14.2,54.1,22.8,8.9,88.4
207,1918-FEB,0.3,5.0,2.7,0.7,5.4
208,1918-JAN,3.4,42.9,60.6,11.1,80.9
209,1918-JUL,360.6,167.5,30.8,47.5,40.8
210,1918-JUN,564.4,464.3,37.6,69.2,36.2
211,1918-MAR,3.9,32.8,10.5,13.9,25.9
212,1918-MAY,699.5,683.0,69.2,110.1,81.8
213,1918-NOV,168.8,295.4,211.6,182.6,315.1
214,1918-OCT,64.7,233.2,4.4,47.0,81.8
215,1918-SEP,134.3,96.4,111.4,98.7,47.0
216,1919-APR,2.4,65.9,14.6,27.1,25.0
217,1919-AUG,632.7,484.2,33.0,108.4,51.6
218,1919-DEC,9.3,53.0,22.7,4.7,106.4
219,1919-FEB,0.0,6.1,0.0,0.0,0.8
220,1919-JAN,0.0,43.0,24.8,4.8,22.9
221,1919-JUL,960.9,648.0,151.8,166.9,87.8
222,1919-JUN,669.9,636.8,72.3,152.7,49.9
223,1919-MAR,0.0,33.9,22.4,7.7,16.2
224,1919-MAY,74.4,247.0,51.5,99.8,88.5
225,1919-NOV,124.0,280.1,180.6,132.3,264.4
226,1919-OCT,236.2,249.2,79.0,81.9,152.4
227,1919-SEP,208.3,255.9,237.8,225.0,162.7
228,1920-APR,72.7,172.0,11.5,42.8,67.3
229,1920-AUG,464.7,235.0,86.3,92.1,74.8
230,1920-DEC,0.0,8.2,0.0,0.1,4.7
231,1920-FEB,0.0,5.5,1.2,0.4,3.1
232,1920-JAN,2.1,35.2,79.5,8.4,135.9
233,1920-JUL,1107.5,940.8,24.4,241.2,37.3
234,1920-JUN,813.3,964.3,42.0,125.1,47.3
235,1920-MAR,0.1,24.1,0.4,1.7,3.7
236,1920-MAY,29.2,87.7,27.5,58.6,59.6
237,1920-NOV,36.3,302.3,111.5,28.4,404.9
238,1920-OCT,129.8,350.1,134.9,101.9,159.4
239,1920-SEP,133.5,178.0,155.6,128.1,156.3
240,1921-APR,62.4,171.3,40.7,84.6,72.3
241,1921-AUG,841.6,641.9,93.3,169.5,129.6
242,1921-DEC,0.0,15.8,5.2,0.0,56.1
243,1921-FEB,0.0,4.7,0.0,0.0,0.0
244,1921-JAN,13.0,43.0,43.2,15.4,141.2
245,1921-JUL,871.9,639.8,180.3,217.8,92.5
246,1921-JUN,699.4,489.1,58.6,114.9,55.7
247,1921-MAR,3.5,15.0,0.0,2.9,1.7
248,1921-MAY,18.6,104.1,9.1,47.2,39.5
249,1921-NOV,41.3,136.2,43.0,88.7,76.0
250,1921-OCT,128.6,302.4,185.8,167.6,236.4
251,1921-SEP,327.1,156.7,84.4,77.5,78.3
252,1922-APR,44.8,89.6,12.0,33.1,34.9
253,1922-AUG,564.9,320.6,85.0,114.3,87.1
254,1922-DEC,0.0,25.1,10.0,2.2,71.6
255,1922-FEB,3.1,21.4,0.0,1.2,18.1
256,1922-JAN,6.5,30.5,36.9,16.1,41.9
257,1922-JUL,1333.2,1025.1,64.8,186.3,45.4
258,1922-JUN,763.1,663.1,48.4,99.5,48.8
259,1922-MAR,0.0,16.3,0.0,0.3,2.5
260,1922-MAY,123.4,293.6,52.0,109.9,100.1
261,1922-NOV,89.4,293.7,306.3,129.0,291.8
262,1922-OCT,89.8,266.3,120.0,151.8,262.8
263,1922-SEP,314.4,222.4,34.8,53.4,75.3
264,1923-APR,9.8,43.5,17.6,31.8,26.6
265,1923-AUG,1013.2,943.0,24.8,207.7,39.8
266,1923-DEC,5.8,41.6,17.3,2.9,109.7
267,1923-FEB,0.2,0.7,8.5,3.9,2.5
268,1923-JAN,0.8,24.7,23.0,3.7,136.0
269,1923-JUL,1627.2,1008.7,58.6,408.1,40.5
270,1923-JUN,604.8,722.5,40.6,84.3,33.7
271,1923-MAR,32.2,78.9,18.0,27.2,50.1
272,1923-MAY,52.8,80.0,23.7,73.8,30.8
273,1923-NOV,6.6,83.9,19.6,6.7,44.3
274,1923-OCT,44.4,203.1,96.7,40.0,220.3
275,1923-SEP,283.3,254.3,167.4,100.3,99.8
276,1924-APR,46.0,111.0,12.7,38.7,30.2
277,1924-AUG,602.7,624.0,86.2,146.7,87.1
278,1924-DEC,5.2,50.4,0.3,11.7,30.6
279,1924-FEB,0.0,2.9,0.0,0.1,0.7
280,1924-JAN,0.0,19.3,9.8,0.9,29.7
281,1924-JUL,1515.4,1526.5,83.9,460.9,113.9
282,1924-JUN,889.6,1011.7,44.7,125.7,54.9
283,1924-MAR,14.8,66.6,1.2,5.8,31.3
284,1924-MAY,47.2,185.4,37.0,96.0,75.4
285,1924-NOV,30.8,162.9,158.1,47.1,163.5
286,1924-OCT,94.4,176.5,47.5,58.4,107.1
287,1924-SEP,282.7,289.1,202.9,135.1,170.8
288,1925-APR,20.8,93.4,18.3,63.0,30.1
289,1925-AUG,733.7,554.1,135.7,132.6,91.7
290,1925-DEC,17.2,98.8,109.0,46.8,182.8
291,1925-FEB,0.0,16.5,0.0,0.1,4.6
292,1925-JAN,0.0,4.1,0.0,0.0,17.6
293,1925-JUL,1117.2,593.5,106.3,221.3,38.7
294,1925-JUN,1176.4,688.8,33.9,143.2,50.6
295,1925-MAR,17.1,76.9,5.9,8.4,57.2
296,1925-MAY,176.6,258.2,125.9,116.5,85.0
297,1925-NOV,27.7,223.7,108.0,69.4,229.0
298,1925-OCT,213.2,295.4,137.3,65.8,148.9
299,1925-SEP,81.5,158.8,85.2,115.3,77.3
300,1926-APR,7.3,55.8,38.1,37.5,41.4
301,1926-AUG,850.3,536.0,92.3,174.2,70.5
302,1926-DEC,0.1,16.2,9.0,1.2,26.1
303,1926-FEB,2.0,5.8,0.0,0.4,2.2
304,1926-JAN,12.3,28.6,57.3,23.0,88.0
305,1926-JUL,976.4,885.2,87.9,234.3,73.8
306,1926-JUN,686.3,563.9,83.0,89.6,38.7
307,1926-MAR,0.1,23.1,15.0,7.1,30.4
308,1926-MAY,15.3,222.6,27.8,64.1,53.7
309,1926-NOV,4.0,88.8,43.6,7.6,119.2
310,1926-OCT,143.6,216.7,80.6,89.7,151.5
311,1926-SEP,258.7,322.7,147.9,168.3,120.2
312,1927-APR,21.5,86.5,1.2,11.2,50.7
313,1927-AUG,535.8,315.0,76.1,118.5,77.8
314,1927-DEC,0.0,6.8,1.0,0.0,32.5
315,1927-FEB,0.0,35.3,1.9,2.5,21.6
316,1927-JAN,0.0,18.8,2.9,0.1,18.0
317,1927-JUL,1313.2,888.2,98.7,249.1,65.9
318,1927-JUN,683.4,720.2,67.8,114.3,83.1
319,1927-MAR,0.6,49.6,0.0,5.2,17.2
320,1927-MAY,80.1,265.4,29.8,82.5,73.7
321,1927-NOV,151.3,137.6,150.8,74.2,171.3
322,1927-OCT,110.5,135.8,60.2,19.4,87.2
323,1927-SEP,319.9,335.6,191.6,186.8,131.0
324,1928-APR,36.3,121.1,23.2,43.4,56.9
325,1928-AUG,836.6,553.2,87.5,161.7,95.2
326,1928-DEC,9.3,52.7,30.4,12.7,98.8
327,1928-FEB,29.3,65.9,38.7,44.3,54.9
328,1928-JAN,0.1,12.7,1.3,0.6,21.0
329,1928-JUL,1108.8,420.6,85.0,189.1,75.5
330,1928-JUN,844.6,590.7,71.9,112.1,41.1
331,1928-MAR,21.7,51.3,10.9,24.0,24.0
332,1928-MAY,17.1,81.9,22.8,66.1,51.0
333,1928-NOV,12.0,155.2,37.0,28.9,173.8
334,1928-OCT,316.4,321.5,202.4,229.7,219.0
335,1928-SEP,107.4,75.9,100.1,37.8,59.7
336,1929-APR,105.6,210.7,35.4,127.7,107.3
337,1929-AUG,566.9,293.9,45.7,88.8,70.7
338,1929-DEC,0.2,39.4,38.2,5.2,89.6
339,1929-FEB,0.2,29.8,10.3,13.7,29.2
340,1929-JAN,1.9,12.8,11.0,4.7,20.4
341,1929-JUL,901.3,844.0,36.6,178.6,48.9
342,1929-JUN,1361.6,946.6,66.6,149.7,63.2
343,1929-MAR,2.5,58.9,0.2,1.9,9.4
344,1929-MAY,114.7,148.0,31.1,101.3,50.7
345,1929-NOV,61.4,158.2,109.4,76.5,192.0
346,1929-OCT,281.9,350.4,146.5,100.9,161.2
347,1929-SEP,265.2,268.9,165.7,186.0,135.1
348,1930-APR,19.3,102.7,7.6,27.0,34.4
349,1930-AUG,420.8,273.4,33.1,85.5,66.7
350,1930-DEC,12.6,89.2,44.0,12.1,48.7
351,1930-FEB,0.2,10.8,33.9,6.6,60.3
352,1930-JAN,1.2,10.8,15.6,5.2,53.6
353,1930-JUL,706.8,401.7,45.6,117.2,38.9
354,1930-JUN,910.9,633.1,98.1,126.9,68.9
355,1930-MAR,0.0,39.0,8.3,10.8,21.4
356,1930-MAY,171.5,404.9,169.6,156.8,165.7
357,1930-NOV,14.2,207.0,156.6,40.9,186.5
358,1930-OCT,254.1,433.9,245.8,253.9,436.1
359,1930-SEP,401.2,411.5,137.3,150.5,94.2
360,1931-APR,33.4,126.9,8.9,45.7,55.6
361,1931-AUG,1201.9,1199.2,32.1,246.0,81.7
362,1931-DEC,56.5,106.5,63.6,26.3,295.8
363,1931-FEB,0.0,0.3,0.0,0.0,0.0
364,1931-JAN,0.0,3.3,0.2,0.0,22.7
365,1931-JUL,1244.0,653.9,101.2,188.2,77.3
366,1931-JUN,673.4,541.7,92.0,116.8,40.8
367,1931-MAR,2.4,19.2,2.1,3.0,3.3
368,1931-MAY,85.1,131.7,53.9,81.7,54.2
369,1931-NOV,106.7,164.3,92.4,117.5,183.4
370,1931-OCT,183.5,149.3,135.7,42.7,120.3
371,1931-SEP,255.6,163.2,137.0,144.6,104.7
372,1932-APR,25.4,113.0,12.1,35.8,62.9
373,1932-AUG,457.2,423.2,128.6,264.3,163.5
374,1932-DEC,7.3,31.3,16.2,1.6,78.5
375,1932-FEB,0.0,19.3,17.2,10.4,31.9
376,1932-JAN,0.0,0.1,0.0,0.0,0.7
377,1932-JUL,1072.4,716.4,72.4,262.9,56.5
378,1932-JUN,661.5,341.0,59.7,72.4,43.0
379,1932-MAR,0.0,28.6,0.0,0.5,7.3
380,1932-MAY,255.4,646.5,50.8,155.8,109.6
381,1932-NOV,125.6,223.2,108.6,122.4,246.9
382,1932-OCT,348.7,543.2,92.6,227.0,247.4
383,1932-SEP,469.9,317.3,77.6,117.1,61.6
384,1933-APR,60.6,139.5,14.8,43.8,52.5
385,1933-AUG,481.3,479.5,181.7,241.6,169.9
386,1933-DEC,35.6,42.3,101.7,46.6,105.9
387,1933-FEB,0.1,9.3,1.7,2.9,5.0
388,1933-JAN,0.0,1.0,0.0,0.0,2.7
389,1933-JUL,1326.6,773.4,74.8,216.8,60.7
390,1933-JUN,1031.9,859.3,23.5,139.9,36.9
391,1933-MAR,5.4,36.9,9.4,10.5,41.2
392,1933-MAY,360.3,738.8,47.7,176.0,105.3
393,1933-NOV,42.3,126.1,42.0,19.2,124.5
394,1933-OCT,292.8,397.0,124.6,236.6,201.8
395,1933-SEP,502.5,469.7,56.3,195.1,104.5
396,1934-APR,16.0,92.4,23.2,40.9,34.6
397,1934-AUG,678.2,337.2,49.9,137.5,56.4
398,1934-DEC,1.0,4.9,5.6,0.3,15.9
399,1934-FEB,0.6,1.7,0.0,0.4,0.1
400,1934-JAN,7.4,74.5,21.5,5.9,99.8
401,1934-JUL,827.5,415.0,115.0,158.7,57.5
402,1934-JUN,1095.6,852.9,84.7,149.4,73.5
403,1934-MAR,1.0,47.7,0.0,1.1,11.6
404,1934-MAY,24.4,106.7,29.3,52.6,49.6
405,1934-NOV,32.7,93.4,72.9,38.3,99.2
406,1934-OCT,143.2,335.9,151.5,173.5,303.4
407,1934-SEP,184.2,48.4,57.8,27.7,38.1
408,1935-APR,11.3,120.7,22.9,48.6,63.9
409,1935-AUG,425.5,280.9,226.1,197.1,153.4
410,1935-DEC,9.9,30.9,11.5,7.3,86.3
411,1935-FEB,0.0,8.3,0.6,1.2,2.5
412,1935-JAN,2.0,23.9,8.5,6.2,37.5
413,1935-JUL,1168.1,687.3,92.6,211.0,38.6
414,1935-JUN,674.0,431.3,79.7,121.9,60.0
415,1935-MAR,0.7,18.1,1.8,5.2,9.3
416,1935-MAY,25.2,56.6,17.5,52.6,23.7
417,1935-NOV,11.9,153.0,35.8,6.8,147.6
418,1935-OCT,245.0,403.8,171.4,191.6,192.4
419,1935-SEP,312.5,283.3,113.9,105.2,78.6
420,1936-APR,14.7,34.0,12.7,15.7,35.7
421,1936-AUG,562.3,367.9,49.7,111.6,59.4
422,1936-DEC,4.1,18.6,10.4,4.5,64.7
423,1936-FEB,0.9,16.5,31.9,6.2,51.1
424,1936-JAN,0.0,1.2,0.2,0.0,1.9
425,1936-JUL,981.6,672.1,75.7,156.2,85.5
426,1936-JUN,1075.6,620.8,87.7,185.2,56.3
427,1936-MAR,23.3,116.0,8.3,34.7,55.3
428,1936-MAY,138.7,466.5,52.7,102.1,74.4
429,1936-NOV,108.6,211.1,150.4,76.5,234.5
430,1936-OCT,219.4,231.7,66.8,89.5,103.7
431,1936-SEP,195.6,286.7,149.1,176.1,122.0
432,1937-APR,110.1,175.5,93.5,90.8,96.1
433,1937-AUG,365.7,281.2,63.7,78.0,118.1
434,1937-DEC,3.2,19.1,21.3,9.7,22.8
435,1937-FEB,0.0,21.2,9.0,9.8,16.7
436,1937-JAN,0.0,6.5,0.5,0.1,10.7
437,1937-JUL,1531.7,970.5,105.0,232.7,51.1
438,1937-JUN,740.8,485.6,55.7,99.6,42.3
439,1937-MAR,5.7,58.7,6.2,14.6,26.7
440,1937-MAY,30.3,137.1,25.9,81.6,59.9
441,1937-NOV,11.8,121.0,123.0,25.5,280.1
442,1937-OCT,240.8,401.9,161.2,147.0,189.8
443,1937-SEP,274.1,139.8,110.4,121.7,105.7
444,1938-APR,43.3,164.5,1.9,40.7,44.5
445,1938-AUG,429.9,287.9,199.4,237.6,146.3
446,1938-DEC,0.3,22.9,7.0,2.6,51.8
447,1938-FEB,0.0,79.0,6.7,3.9,52.1
448,1938-JAN,0.0,0.3,0.0,0.0,1.2
449,1938-JUL,950.2,648.6,72.4,153.8,101.4
450,1938-JUN,1025.3,681.6,75.6,144.4,53.0
451,1938-MAR,15.5,53.3,5.4,17.4,34.8
452,1938-MAY,138.2,179.6,54.1,45.8,54.3
453,1938-NOV,39.9,69.5,2.7,15.9,39.3
454,1938-OCT,134.3,223.7,24.5,30.6,87.5
455,1938-SEP,374.0,223.2,224.8,178.7,116.8
456,1939-APR,35.9,172.8,72.9,70.5,132.1
457,1939-AUG,631.4,459.9,85.4,198.1,91.3
458,1939-DEC,0.2,10.2,2.2,0.0,8.6
459,1939-FEB,0.0,3.6,0.0,0.0,5.0
460,1939-JAN,0.0,13.6,17.4,3.5,31.1
461,1939-JUL,903.9,749.6,50.0,184.7,35.1
462,1939-JUN,725.7,625.8,59.3,92.1,60.4
463,1939-MAR,5.4,24.9,18.3,13.1,26.0
464,1939-MAY,8.4,105.1,10.2,49.6,60.0
465,1939-NOV,73.4,298.1,177.0,71.6,266.2
466,1939-OCT,232.6,339.8,163.0,226.6,243.8
467,1939-SEP,127.3,134.1,142.5,114.7,96.2
468,1940-APR,26.9,126.5,29.4,60.1,82.8
469,1940-AUG,1247.4,610.8,105.3,188.7,69.4
470,1940-DEC,5.5,60.1,13.8,15.8,95.4
471,1940-FEB,0.0,1.5,0.1,0.1,0.7
472,1940-JAN,0.1,0.6,0.3,0.0,0.9
473,1940-JUL,1155.7,877.3,65.7,203.4,59.0
474,1940-JUN,713.8,606.4,91.0,177.6,85.2
475,1940-MAR,0.2,3.8,8.8,0.7,12.6
476,1940-MAY,131.0,217.4,122.1,138.3,131.5
477,1940-NOV,120.5,287.5,168.3,139.7,367.8
478,1940-OCT,222.5,257.7,171.7,174.9,152.0
479,1940-SEP,100.4,68.2,128.1,80.7,121.2
480,1941-APR,18.1,101.9,7.5,43.8,58.6
481,1941-AUG,561.6,458.5,57.5,154.9,84.7
482,1941-DEC,35.3,84.6,96.2,60.2,107.5
483,1941-FEB,1.2,4.6,7.3,2.3,4.4
484,1941-JAN,4.1,15.9,5.6,1.2,31.7
485,1941-JUL,589.8,517.9,25.7,186.5,69.6
486,1941-JUN,869.7,797.6,34.3,154.9,47.1
487,1941-MAR,5.5,12.7,0.0,2.3,1.4
488,1941-MAY,60.5,417.5,38.3,73.8,70.9
489,1941-NOV,21.6,220.5,98.3,19.5,216.4
490,1941-OCT,122.8,221.6,108.8,108.4,148.1
491,1941-SEP,224.9,257.9,173.8,129.8,166.4
492,1942-APR,77.2,180.3,15.1,45.0,78.6
493,1942-AUG,540.3,329.3,123.2,145.9,110.1
494,1942-DEC,22.4,117.9,51.8,23.7,146.9
495,1942-FEB,1.7,4.7,0.3,2.0,0.6
496,1942-JAN,0.0,2.4,0.4,0.1,0.5
497,1942-JUL,1338.3,828.8,28.8,247.5,54.9
498,1942-JUN,1104.8,813.6,86.5,164.1,53.1
499,1942-MAR,0.3,23.2,0.0,0.5,6.0
500,1942-MAY,72.5,191.9,28.2,91.0,61.3
501,1942-NOV,25.9,84.7,63.2,26.7,68.0
502,1942-OCT,129.9,374.4,53.1,109.0,146.5
503,1942-SEP,189.5,99.8,86.3,77.3,120.8
504,1943-APR,7.1,107.5,26.6,48.3,72.1
505,1943-AUG,314.5,183.3,78.1,67.5,78.8
506,1943-DEC,0.0,24.3,7.3,0.0,43.2
507,1943-FEB,1.7,14.6,1.8,0.9,18.5
508,1943-JAN,22.4,83.5,22.0,24.4,112.0
509,1943-JUL,994.4,831.6,88.1,243.1,75.3
510,1943-JUN,941.8,794.5,33.4,88.5,43.2
511,1943-MAR,1.3,38.4,0.4,3.7,10.8
512,1943-MAY,455.2,478.4,239.8,189.9,204.4
513,1943-NOV,97.0,223.4,95.7,50.8,117.4
514,1943-OCT,280.2,427.2,309.2,283.0,310.6
515,1943-SEP,461.5,257.6,134.3,137.0,101.1
516,1944-APR,3.3,61.6,9.9,21.7,32.7
517,1944-AUG,451.2,230.7,69.0,82.0,104.7
518,1944-DEC,11.8,89.2,15.7,6.7,130.9
519,1944-FEB,0.7,26.6,10.4,24.3,34.6
520,1944-JAN,0.0,6.4,0.2,0.2,18.4
521,1944-JUL,1204.0,614.1,144.2,275.1,73.8
522,1944-JUN,777.8,498.9,87.5,100.0,81.8
523,1944-MAR,18.2,61.6,86.9,37.0,83.5
524,1944-MAY,106.5,212.7,21.2,98.5,46.1
525,1944-NOV,81.9,244.1,141.1,74.4,288.8
526,1944-OCT,267.6,289.0,180.0,178.5,188.8
527,1944-SEP,61.6,155.0,151.5,127.2,143.5
528,1945-APR,19.7,104.1,22.5,54.9,74.7
529,1945-AUG,493.2,351.8,107.6,109.9,110.1
530,1945-DEC,0.0,18.0,0.5,0.1,15.0
531,1945-FEB,0.0,9.9,0.0,1.2,5.5
532,1945-JAN,2.6,4.4,0.0,0.4,4.6
533,1945-JUL,1296.1,704.0,160.8,260.9,75.1
534,1945-JUN,824.7,549.8,35.1,79.9,22.0
535,1945-MAR,0.0,12.7,0.0,0.3,5.0
536,1945-MAY,24.5,53.4,36.7,93.3,38.2
537,1945-NOV,60.7,259.5,75.6,33.7,206.8
538,1945-OCT,63.2,253.8,60.0,85.2,168.4
539,1945-SEP,294.7,110.9,105.2,72.6,58.6
540,1946-APR,41.7,139.8,11.8,62.5,45.7
541,1946-AUG,1086.6,695.6,88.4,255.9,87.7
542,1946-DEC,37.7,202.3,198.7,42.9,273.5
543,1946-FEB,1.5,5.4,4.1,2.4,1.0
544,1946-JAN,0.0,1.8,1.7,0.1,19.8
545,1946-JUL,1001.2,671.7,60.0,201.5,59.3
546,1946-JUN,1227.0,919.0,42.6,146.8,56.8
547,1946-MAR,3.9,108.4,7.9,14.8,46.4
548,1946-MAY,80.8,83.0,41.8,86.9,76.4
549,1946-NOV,180.6,273.0,258.2,150.3,311.2
550,1946-OCT,148.9,266.1,87.4,112.9,175.5
551,1946-SEP,231.5,199.4,151.1,168.1,140.8
552,1947-APR,45.2,142.2,10.3,22.4,92.8
553,1947-AUG,899.5,739.6,136.2,236.2,113.4
554,1947-DEC,26.3,47.0,11.8,17.6,20.0
555,1947-FEB,9.2,27.3,1.4,5.9,14.8
556,1947-JAN,1.7,22.2,23.2,8.1,59.5
557,1947-JUL,1247.9,669.3,124.0,238.9,125.5
558,1947-JUN,630.6,556.1,65.6,83.5,54.1
559,1947-MAR,13.9,98.0,0.8,10.0,54.4
560,1947-MAY,18.7,85.7,20.3,53.2,40.9
561,1947-NOV,7.1,32.4,17.2,15.2,30.5
562,1947-OCT,48.7,183.7,87.4,127.6,205.9
563,1947-SEP,389.5,394.5,126.2,139.7,127.6
564,1948-APR,55.6,125.0,32.5,70.7,35.3
565,1948-AUG,973.2,487.9,105.8,255.6,102.3
566,1948-DEC,0.2,19.2,8.1,2.1,36.6
567,1948-FEB,0.0,8.3,1.1,0.1,9.9
568,1948-JAN,16.5,43.0,4.2,4.0,51.7
569,1948-JUL,1102.9,619.0,82.9,188.6,79.8
570,1948-JUN,848.8,910.2,33.2,135.6,67.5
571,1948-MAR,8.4,48.2,4.1,3.2,10.6
572,1948-MAY,66.1,212.3,36.9,153.9,72.5
573,1948-NOV,163.0,215.6,113.4,81.5,226.2
574,1948-OCT,90.6,183.9,108.8,117.7,145.4
575,1948-SEP,301.3,166.6,77.7,61.1,68.8
576,1949-APR,12.0,98.1,9.1,32.1,62.3
577,1949-AUG,585.4,445.2,163.1,165.2,148.2
578,1949-DEC,0.0,1.8,0.0,0.0,2.3
579,1949-FEB,0.0,1.8,0.0,0.1,3.0
580,1949-JAN,3.3,0.6,0.0,0.1,8.6
581,1949-JUL,1157.1,758.7,137.8,179.5,113.6
582,1949-JUN,691.6,536.3,115.6,82.4,75.6
583,1949-MAR,1.2,4.5,0.1,3.8,0.6
584,1949-MAY,293.1,440.0,68.9,103.6,98.2
585,1949-NOV,32.0,71.9,53.1,13.6,86.4
586,1949-OCT,148.8,229.1,98.0,188.3,159.4
587,1949-SEP,438.0,354.5,180.9,107.8,82.3
588,1950-APR,3.9,68.5,0.7,6.5,11.8
589,1950-AUG,456.1,387.3,85.2,148.7,125.3
590,1950-DEC,0.1,8.8,0.2,0.4,34.6
591,1950-FEB,1.0,53.7,5.9,13.3,68.0
592,1950-JAN,0.0,0.1,0.2,0.1,2.4
593,1950-JUL,1506.7,905.7,66.8,268.8,56.1
594,1950-JUN,801.6,638.3,31.4,91.2,31.2
595,1950-MAR,0.2,31.1,3.4,0.8,16.8
596,1950-MAY,89.3,242.0,38.3,61.3,54.5
597,1950-NOV,54.1,149.2,40.9,77.1,100.7
598,1950-OCT,136.6,250.4,101.5,133.7,160.6
599,1950-SEP,716.5,411.6,136.4,154.5,85.5
600,1951-APR,55.4,175.9,45.9,60.9,115.2
601,1951-AUG,441.1,190.6,56.9,89.4,94.7
602,1951-DEC,0.4,23.2,0.1,0.0,9.6
603,1951-FEB,0.0,6.5,0.1,0.0,0.8
604,1951-JAN,0.0,6.6,0.0,0.2,11.7
605,1951-JUL,1083.4,544.6,106.7,205.7,83.6
606,1951-JUN,940.2,774.1,54.8,111.7,30.8
607,1951-MAR,0.9,41.6,16.1,13.0,26.7
608,1951-MAY,70.7,148.5,78.4,135.2,83.0
609,1951-NOV,76.2,229.6,41.7,33.3,187.2
610,1951-OCT,187.1,250.6,72.1,98.0,98.3
611,1951-SEP,268.9,313.8,65.6,177.9,113.4
612,1952-APR,35.4,112.2,12.2,40.0,29.5
613,1952-AUG,631.4,413.6,81.9,156.2,73.7
614,1952-DEC,25.6,66.9,134.2,48.2,167.6
615,1952-FEB,0.5,48.2,4.3,10.7,47.7
616,1952-JAN,0.0,5.2,0.0,0.3,13.7
617,1952-JUL,816.6,430.0,59.6,176.2,74.3
618,1952-JUN,912.1,576.7,55.8,106.8,32.9
619,1952-MAR,0.0,20.8,1.2,0.6,8.9
620,1952-MAY,84.8,214.6,183.5,76.8,58.7
621,1952-NOV,0.0,49.6,7.4,0.7,47.2
622,1952-OCT,335.5,339.6,108.7,188.6,123.8
623,1952-SEP,54.7,57.4,52.6,66.7,38.2
624,1953-APR,48.2,132.4,39.2,71.0,97.8
625,1953-AUG,633.6,356.4,58.7,191.5,86.2
626,1953-DEC,0.0,5.1,0.3,0.5,18.9
627,1953-FEB,0.0,22.6,0.5,2.2,15.8
628,1953-JAN,0.3,13.1,1.2,0.5,13.0
629,1953-JUL,1630.1,1027.6,125.2,368.5,111.7
630,1953-JUN,666.2,340.5,63.7,163.7,67.6
631,1953-MAR,0.0,18.5,0.0,0.7,4.8
632,1953-MAY,8.6,55.4,19.8,34.4,45.8
633,1953-NOV,2.9,62.2,35.7,2.6,97.1
634,1953-OCT,313.4,410.5,309.4,307.4,278.2
635,1953-SEP,160.0,100.5,141.9,113.0,131.1
636,1954-APR,61.1,136.9,8.8,38.5,54.2
637,1954-AUG,688.7,467.0,79.3,175.6,147.2
638,1954-DEC,12.1,62.5,82.0,18.6,107.0
639,1954-FEB,0.0,2.8,0.0,0.5,2.7
640,1954-JAN,0.5,23.5,13.4,1.8,77.5
641,1954-JUL,1357.4,640.5,208.4,298.5,118.5
642,1954-JUN,1034.4,798.3,50.6,139.3,35.5
643,1954-MAR,21.6,90.6,11.9,8.9,58.2
644,1954-MAY,89.8,179.5,35.4,127.2,77.9
645,1954-NOV,0.6,31.6,0.0,0.5,32.6
646,1954-OCT,133.6,303.1,222.4,164.8,271.0
647,1954-SEP,421.8,201.6,73.0,56.9,34.0
648,1955-APR,29.9,125.9,13.8,48.7,85.3
649,1955-AUG,702.2,236.0,183.2,151.6,88.1
650,1955-DEC,2.8,19.8,33.0,2.9,145.3
651,1955-FEB,0.0,6.3,1.0,0.1,1.3
652,1955-JAN,0.3,4.2,15.2,0.9,35.7
653,1955-JUL,639.3,392.8,107.3,88.9,73.4
654,1955-JUN,962.7,782.4,42.5,135.9,47.8
655,1955-MAR,4.7,28.2,4.8,10.4,10.3
656,1955-MAY,360.3,544.2,135.6,168.2,149.4
657,1955-NOV,31.0,178.1,62.3,18.1,130.6
658,1955-OCT,361.1,378.2,98.9,175.1,165.2
659,1955-SEP,458.2,438.5,118.8,201.2,128.2
660,1956-APR,78.4,151.6,56.2,68.5,34.3
661,1956-AUG,520.0,319.5,72.3,137.1,99.2
662,1956-DEC,0.7,9.1,36.0,1.2,45.1
663,1956-FEB,0.8,11.7,0.1,1.4,0.5
664,1956-JAN,0.0,7.9,3.6,0.4,22.9
665,1956-JUL,1155.8,466.8,144.0,251.3,46.0
666,1956-JUN,1001.0,755.4,90.6,209.6,98.0
667,1956-MAR,1.0,15.1,0.0,2.5,1.0
668,1956-MAY,412.7,351.3,59.4,62.5,35.1
669,1956-NOV,129.9,178.2,79.7,124.0,225.5
670,1956-OCT,288.5,353.3,220.3,265.0,255.8
671,1956-SEP,267.6,178.4,168.6,120.1,126.4
672,1957-APR,8.5,70.2,11.4,18.6,14.8
673,1957-AUG,703.9,358.8,89.2,147.2,60.8
674,1957-DEC,0.1,28.9,0.0,0.1,77.1
675,1957-FEB,0.0,16.0,0.4,0.5,10.3
676,1957-JAN,0.0,1.2,1.0,0.0,1.2
677,1957-JUL,1101.1,835.3,77.0,242.6,64.0
678,1957-JUN,755.8,872.0,119.2,174.9,65.4
679,1957-MAR,1.5,25.7,11.0,9.4,15.1
680,1957-MAY,168.0,381.2,41.2,169.0,81.1
681,1957-NOV,148.9,192.5,69.1,77.9,200.4
682,1957-OCT,189.0,280.1,79.1,177.6,203.3
683,1957-SEP,98.0,41.3,73.2,47.0,73.5
684,1958-APR,46.6,135.1,30.8,60.6,49.4
685,1958-AUG,705.8,526.6,219.2,201.7,147.7
686,1958-DEC,2.8,7.7,19.8,0.6,25.5
687,1958-FEB,0.1,19.3,6.2,1.3,6.0
688,1958-JAN,0.5,4.4,2.6,3.3,12.1
689,1958-JUL,1253.7,622.7,65.6,340.2,47.3
690,1958-JUN,1031.4,713.3,31.1,163.2,33.0
691,1958-MAR,1.7,57.3,4.4,13.1,27.2
692,1958-MAY,184.8,353.5,44.1,134.5,114.7
693,1958-NOV,49.1,206.1,88.2,59.6,154.4
694,1958-OCT,114.1,191.0,202.7,108.7,155.2
695,1958-SEP,296.9,86.1,93.5,123.1,80.0
696,1959-APR,30.4,150.7,19.0,25.2,51.4
697,1959-AUG,704.1,397.3,92.8,172.2,62.1
698,1959-DEC,21.7,34.0,15.3,6.3,53.4
699,1959-FEB,0.0,21.4,5.2,2.5,34.8
700,1959-JAN,0.0,3.0,0.2,0.2,3.7
701,1959-JUL,1727.0,1155.7,89.1,425.6,60.6
702,1959-JUN,994.4,872.8,102.7,255.8,83.5
703,1959-MAR,0.0,6.3,0.0,0.3,0.1
704,1959-MAY,204.4,347.2,39.4,89.8,68.2
705,1959-NOV,52.0,151.9,61.6,29.3,190.4
706,1959-OCT,75.3,200.4,77.5,55.4,187.0
707,1959-SEP,521.6,405.5,132.9,218.2,99.1
708,1960-APR,40.7,206.6,6.6,42.4,60.0
709,1960-AUG,510.5,336.8,27.1,124.4,55.6
710,1960-DEC,0.0,23.7,7.2,0.2,21.2
711,1960-FEB,0.0,8.4,0.0,0.0,9.9
712,1960-JAN,0.0,9.4,0.5,0.3,5.5
713,1960-JUL,1053.2,750.9,89.9,254.3,146.8
714,1960-JUN,790.6,480.3,55.5,119.8,35.9
715,1960-MAR,8.5,44.4,5.0,15.3,21.0
716,1960-MAY,393.7,540.0,41.5,92.6,60.9
717,1960-NOV,87.6,358.0,227.1,65.3,354.1
718,1960-OCT,169.0,255.9,59.8,112.8,134.5
719,1960-SEP,450.5,371.2,224.0,162.7,108.4
720,1961-APR,47.7,94.1,3.0,62.5,23.9
721,1961-AUG,936.3,678.3,124.7,213.5,110.4
722,1961-DEC,2.7,17.5,4.2,1.4,56.1
723,1961-FEB,0.0,31.3,7.9,3.4,12.7
724,1961-JAN,0.0,13.7,2.4,2.1,76.0
725,1961-JUL,1884.9,1146.5,112.5,492.7,99.4
726,1961-JUN,1013.0,1005.2,96.2,196.2,73.8
727,1961-MAR,0.9,11.4,0.5,2.6,2.2
728,1961-MAY,635.0,500.5,41.4,161.6,71.9
729,1961-NOV,21.0,85.9,62.8,14.3,107.5
730,1961-OCT,309.6,274.2,141.5,165.4,154.7
731,1961-SEP,702.8,399.3,54.3,93.8,122.2
732,1962-APR,31.6,95.1,44.8,81.3,48.4
733,1962-AUG,1080.9,510.7,117.1,268.5,130.5
734,1962-DEC,83.3,76.9,64.4,65.9,47.1
735,1962-FEB,3.4,54.7,4.0,6.9,23.6
736,1962-JAN,0.2,28.4,1.9,1.4,10.0
737,1962-JUL,1307.9,951.1,40.4,310.4,56.7
738,1962-JUN,405.4,244.9,54.2,66.1,44.0
739,1962-MAR,0.1,39.6,5.4,5.5,13.6
740,1962-MAY,359.4,472.4,77.5,118.5,114.1
741,1962-NOV,18.5,31.5,34.4,29.6,63.1
742,1962-OCT,313.4,475.6,231.4,203.7,275.7
743,1962-SEP,413.5,394.9,140.7,149.1,114.8
744,1963-APR,38.5,96.3,38.1,51.6,56.5
745,1963-AUG,1013.8,511.0,148.2,232.5,88.7
746,1963-DEC,10.0,48.4,30.0,12.3,135.9
747,1963-FEB,0.7,24.8,0.3,2.8,4.8
748,1963-JAN,1.1,30.2,7.1,1.2,76.2
749,1963-JUL,887.6,720.2,82.6,197.5,93.1
750,1963-JUN,682.3,393.3,77.6,108.5,49.9
751,1963-MAR,28.6,69.8,10.1,13.0,39.1
752,1963-MAY,86.0,157.1,26.4,78.1,45.1
753,1963-NOV,8.2,93.4,33.0,9.0,195.0
754,1963-OCT,233.7,282.6,159.7,193.8,173.4
755,1963-SEP,181.0,223.9,95.9,92.6,115.0
756,1964-APR,5.8,83.3,2.0,23.6,11.4
757,1964-AUG,978.1,548.0,89.4,305.4,100.8
758,1964-DEC,17.6,17.8,13.6,3.8,70.9
759,1964-FEB,0.0,7.8,0.0,0.1,1.2
760,1964-JAN,0.0,1.1,0.0,0.0,1.6
761,1964-JUL,864.0,754.2,213.4,280.0,174.7
762,1964-JUN,631.7,379.4,56.6,122.2,31.3
763,1964-MAR,2.6,67.2,0.0,0.7,15.5
764,1964-MAY,23.4,94.8,12.0,51.0,56.8
765,1964-NOV,53.1,191.7,128.4,78.4,166.4
766,1964-OCT,200.2,325.7,51.0,121.5,187.7
767,1964-SEP,363.9,398.2,225.2,182.7,92.3
768,1965-APR,9.7,109.8,40.2,24.6,63.8
769,1965-AUG,577.2,296.1,168.8,141.1,169.8
770,1965-DEC,159.8,155.5,54.3,21.7,202.3
771,1965-FEB,0.0,0.9,0.6,0.2,7.2
772,1965-JAN,2.5,9.1,0.6,1.0,1.8
773,1965-JUL,1002.5,465.1,78.6,245.2,55.4
774,1965-JUN,797.8,597.7,47.2,129.8,33.5
775,1965-MAR,0.0,28.3,5.5,4.6,10.1
776,1965-MAY,39.7,214.5,15.6,42.0,40.9
777,1965-NOV,20.1,131.7,62.2,25.8,120.3
778,1965-OCT,25.1,183.7,13.2,17.7,123.9
779,1965-SEP,196.8,150.1,109.4,81.4,92.7
780,1966-APR,11.8,167.4,9.7,24.7,33.4
781,1966-AUG,278.3,202.1,129.1,91.0,143.4
782,1966-DEC,62.8,50.5,36.6,13.8,99.8
783,1966-FEB,0.0,6.9,0.2,0.9,1.6
784,1966-JAN,3.7,3.0,6.1,4.2,16.0
785,1966-JUL,1122.4,601.9,96.7,256.1,76.4
786,1966-JUN,577.9,496.2,94.5,82.3,51.6
787,1966-MAR,0.8,67.7,0.0,2.5,11.9
788,1966-MAY,196.0,95.2,45.2,90.9,51.8
789,1966-NOV,231.5,245.4,247.9,123.2,224.3
790,1966-OCT,191.9,392.3,94.2,132.8,290.6
791,1966-SEP,299.6,293.2,143.9,188.5,166.1
792,1967-APR,18.5,70.1,7.3,25.7,19.3
793,1967-AUG,673.4,508.4,48.9,157.3,81.2
794,1967-DEC,4.5,31.1,104.2,16.0,156.7
795,1967-FEB,0.0,0.1,0.0,0.0,1.0
796,1967-JAN,2.0,14.3,16.8,5.7,28.9
797,1967-JUL,1368.5,741.4,127.3,350.4,69.4
798,1967-JUN,658.7,541.7,62.7,136.3,69.1
799,1967-MAR,0.1,24.6,34.7,4.7,40.4
800,1967-MAY,86.7,244.9,51.5,77.8,47.6
801,1967-NOV,7.4,74.0,43.2,12.3,127.1
802,1967-OCT,124.8,172.7,100.3,96.2,182.3
803,1967-SEP,237.1,145.8,140.9,57.8,76.2
804,1968-APR,43.7,133.3,38.1,47.5,85.9
805,1968-AUG,456.3,380.7,13.6,124.7,65.0
806,1968-DEC,0.1,32.7,66.8,3.4,72.7
807,1968-FEB,0.0,30.5,2.6,8.0,5.6
808,1968-JAN,2.0,7.3,0.1,0.0,4.6
809,1968-JUL,1550.5,1308.9,77.9,284.1,53.7
810,1968-JUN,826.6,696.4,45.2,120.6,47.9
811,1968-MAR,6.3,89.2,10.8,8.5,36.5
812,1968-MAY,19.2,90.0,21.2,71.8,46.9
813,1968-NOV,30.1,119.4,83.6,23.4,121.1
814,1968-OCT,221.4,178.9,113.7,99.3,111.8
815,1968-SEP,304.9,325.4,150.4,209.7,137.7
816,1969-APR,44.8,117.2,5.0,37.8,32.1
817,1969-AUG,488.2,284.8,126.6,216.3,139.7
818,1969-DEC,11.4,66.3,58.8,27.7,127.1
819,1969-FEB,0.0,6.4,0.0,0.0,7.2
820,1969-JAN,0.0,2.7,0.0,0.0,1.5
821,1969-JUL,1253.9,818.8,118.1,289.5,60.9
822,1969-JUN,704.8,550.5,61.2,100.8,30.4
823,1969-MAR,1.2,19.4,0.9,2.3,3.5
824,1969-MAY,49.9,227.4,55.3,101.9,57.0
825,1969-NOV,82.6,119.4,109.0,51.4,190.5
826,1969-OCT,163.4,235.6,258.1,174.8,275.1
827,1969-SEP,542.7,216.4,49.3,104.0,36.8
828,1970-APR,30.9,132.7,12.3,49.5,61.8
829,1970-AUG,1130.5,554.8,201.3,206.4,98.5
830,1970-DEC,0.0,5.7,0.5,0.2,15.3
831,1970-FEB,0.0,17.6,14.2,5.4,18.0
832,1970-JAN,0.0,12.9,0.1,1.4,15.9
833,1970-JUL,1259.2,558.1,107.5,210.1,88.9
834,1970-JUN,843.7,535.3,57.7,99.5,51.6
835,1970-MAR,2.0,25.8,2.9,4.3,9.2
836,1970-MAY,260.4,289.1,76.7,129.6,85.4
837,1970-NOV,28.7,80.5,64.1,20.9,199.9
838,1970-OCT,157.8,278.3,107.9,217.6,195.1
839,1970-SEP,328.7,212.5,131.2,129.0,102.4
840,1971-APR,23.5,113.0,27.7,37.9,40.6
841,1971-AUG,532.6,385.2,98.5,180.7,127.8
842,1971-DEC,2.5,62.3,23.8,10.3,199.6
843,1971-FEB,0.1,18.5,4.8,5.3,11.1
844,1971-JAN,0.0,31.6,3.6,2.0,19.3
845,1971-JUL,1017.0,648.6,60.5,174.9,87.2
846,1971-JUN,1113.2,889.6,35.3,204.5,46.9
847,1971-MAR,0.4,20.0,20.0,2.7,37.8
848,1971-MAY,268.3,317.5,52.1,100.5,75.7
849,1971-NOV,7.0,38.3,40.8,17.4,71.3
850,1971-OCT,55.2,220.9,163.4,122.3,221.3
851,1971-SEP,215.6,331.2,90.7,161.7,109.0
852,1972-APR,17.0,87.5,13.8,26.9,14.0
853,1972-AUG,522.9,294.9,27.4,97.6,42.7
854,1972-DEC,5.8,114.3,92.3,41.5,200.6
855,1972-FEB,0.5,7.5,0.7,1.1,1.2
856,1972-JAN,0.0,2.6,3.2,0.0,4.0
857,1972-JUL,1068.8,714.4,30.8,214.6,49.2
858,1972-JUN,716.9,401.8,110.8,153.6,55.1
859,1972-MAR,0.2,2.5,0.0,0.1,1.0
860,1972-MAY,153.4,436.0,89.2,190.5,151.1
861,1972-NOV,38.7,140.5,108.3,26.3,126.0
862,1972-OCT,201.6,351.5,218.1,135.7,273.1
863,1972-SEP,131.2,185.7,131.5,176.2,175.3
864,1973-APR,15.3,131.5,1.5,21.8,20.7
865,1973-AUG,915.9,487.5,150.2,220.8,87.6
866,1973-DEC,5.4,53.8,35.7,8.7,127.1
867,1973-FEB,0.0,0.3,0.0,0.0,0.2
868,1973-JAN,0.0,0.0,0.0,0.0,0.3
869,1973-JUL,982.1,583.5,80.4,232.7,92.3
870,1973-JUN,765.5,617.0,51.1,214.9,63.5
871,1973-MAR,0.0,12.3,0.1,0.2,5.3
872,1973-MAY,83.0,119.9,30.2,102.4,57.0
873,1973-NOV,39.6,84.5,34.2,26.5,79.1
874,1973-OCT,140.7,260.8,164.1,140.5,195.2
875,1973-SEP,178.5,61.3,141.9,118.0,130.4
876,1974-APR,25.8,128.0,7.8,34.5,30.4
877,1974-AUG,741.7,533.6,68.5,166.7,63.5
878,1974-DEC,0.0,3.6,0.0,0.0,22.2
879,1974-FEB,0.0,5.4,0.0,0.0,8.9
880,1974-JAN,0.0,1.6,0.0,0.1,0.6
881,1974-JUL,1465.9,1004.2,94.5,281.8,79.8
882,1974-JUN,474.7,266.9,67.3,71.0,40.6
883,1974-MAR,5.5,16.0,0.0,4.3,6.7
884,1974-MAY,168.1,221.5,61.7,113.2,59.5
885,1974-NOV,7.6,61.0,29.5,6.6,47.8
886,1974-OCT,182.4,142.1,194.1,138.2,114.8
887,1974-SEP,361.8,383.6,204.9,235.0,178.0
888,1975-APR,8.0,123.8,3.8,21.0,20.8
889,1975-AUG,958.6,675.9,133.7,252.8,121.3
890,1975-DEC,0.1,19.9,5.3,1.3,36.4
891,1975-FEB,0.0,21.4,0.1,3.2,4.3
892,1975-JAN,0.3,5.2,0.8,4.1,6.0
893,1975-JUL,1095.5,531.3,176.9,260.6,129.1
894,1975-JUN,1327.8,864.4,46.0,224.8,46.8
895,1975-MAR,7.0,63.4,4.9,15.5,34.8
896,1975-MAY,103.0,162.2,46.8,93.0,80.8
897,1975-NOV,63.1,204.3,121.0,76.3,130.3
898,1975-OCT,199.5,368.9,345.5,157.7,165.3
899,1975-SEP,537.1,457.7,156.7,224.0,147.8
900,1976-APR,20.3,134.5,11.7,66.9,50.1
901,1976-AUG,644.4,342.6,189.3,148.3,129.9
902,1976-DEC,10.6,30.8,3.6,1.7,56.6
903,1976-FEB,0.0,1.5,0.0,0.1,0.2
904,1976-JAN,0.0,0.1,0.9,0.0,1.2
905,1976-JUL,1187.1,641.5,134.7,203.7,64.0
906,1976-JUN,492.7,196.8,70.4,64.0,48.6
907,1976-MAR,8.1,21.0,0.0,2.6,8.4
908,1976-MAY,35.8,75.8,14.6,25.9,33.8
909,1976-NOV,138.3,286.7,203.8,106.5,244.9
910,1976-OCT,50.3,221.3,137.9,54.4,137.6
911,1976-SEP,346.4,116.2,50.1,87.2,83.7
912,1977-APR,24.7,102.3,22.5,51.2,45.5
913,1977-AUG,441.1,234.2,140.2,134.5,128.3
914,1977-DEC,0.0,6.7,1.0,0.1,12.6
915,1977-FEB,1.9,15.7,0.4,1.3,24.8
916,1977-JAN,0.0,1.1,0.4,0.0,1.4
917,1977-JUL,1290.3,753.3,87.4,227.7,55.4
918,1977-JUN,855.7,599.6,98.6,168.5,50.6
919,1977-MAR,3.3,28.3,2.2,13.8,10.4
920,1977-MAY,116.1,306.4,70.4,136.8,104.1
921,1977-NOV,180.8,361.7,175.1,82.8,346.8
922,1977-OCT,198.5,437.0,217.0,224.6,347.5
923,1977-SEP,266.5,201.3,51.3,166.5,118.6
924,1978-APR,11.8,73.9,30.6,40.1,35.9
925,1978-AUG,745.4,516.8,93.3,231.2,55.4
926,1978-DEC,13.8,39.0,91.4,30.8,198.1
927,1978-FEB,0.5,14.7,7.4,7.0,11.2
928,1978-JAN,0.3,3.3,1.6,0.5,1.4
929,1978-JUL,1222.5,686.7,130.0,281.8,78.2
930,1978-JUN,1212.6,758.1,61.7,188.1,29.4
931,1978-MAR,0.0,31.4,0.5,2.6,10.9
932,1978-MAY,251.6,396.8,33.0,104.5,55.2
933,1978-NOV,76.3,365.6,143.4,81.0,234.6
934,1978-OCT,121.5,171.0,80.0,107.1,151.4
935,1978-SEP,206.7,119.4,196.2,156.8,137.2
936,1979-APR,11.7,42.0,7.0,31.3,15.3
937,1979-AUG,619.4,383.7,79.7,207.9,80.2
938,1979-DEC,3.3,23.3,12.3,1.4,48.2
939,1979-FEB,0.2,30.0,19.4,29.2,43.5
940,1979-JAN,0.8,2.4,3.2,0.3,0.7
941,1979-JUL,962.7,662.2,72.2,189.3,75.2
942,1979-JUN,735.3,582.9,49.7,192.8,60.2
943,1979-MAR,0.2,11.7,0.0,4.1,12.5
944,1979-MAY,12.2,127.7,96.6,49.0,35.1
945,1979-NOV,111.8,261.7,256.6,113.9,416.7
946,1979-OCT,127.3,163.8,61.5,81.9,132.6
947,1979-SEP,238.6,211.7,155.3,219.6,183.1
948,1980-APR,78.6,114.8,6.6,79.1,45.9
949,1980-AUG,1004.7,438.1,110.5,179.6,64.2
950,1980-DEC,4.1,39.5,27.5,1.9,47.0
951,1980-FEB,0.0,0.9,0.0,0.0,0.0
952,1980-JAN,0.0,0.0,0.0,0.0,0.1
953,1980-JUL,1057.7,754.0,79.5,287.7,64.9
954,1980-JUN,1193.3,745.9,58.3,228.0,37.7
955,1980-MAR,0.8,20.8,1.5,7.2,15.4
956,1980-MAY,57.1,105.3,29.5,99.0,69.2
957,1980-NOV,71.3,162.3,158.7,81.1,166.2
958,1980-OCT,95.0,282.3,38.6,99.6,122.3
959,1980-SEP,199.5,139.5,62.9,161.8,76.3
960,1981-APR,17.0,75.9,10.4,25.5,23.7
961,1981-AUG,1187.4,495.6,115.2,299.8,91.8
962,1981-DEC,3.2,43.3,40.6,6.5,72.5
963,1981-FEB,0.0,6.8,0.0,0.1,1.3
964,1981-JAN,0.7,7.0,7.9,1.8,8.9
965,1981-JUL,1049.3,489.8,100.7,189.4,117.0
966,1981-JUN,1013.7,912.4,61.4,136.3,57.0
967,1981-MAR,1.9,28.5,20.5,19.6,21.7
968,1981-MAY,58.1,166.3,39.3,94.9,87.2
969,1981-NOV,56.7,138.6,37.6,32.8,106.4
970,1981-OCT,119.9,265.0,141.7,123.2,258.0
971,1981-SEP,340.7,376.6,210.0,254.6,200.5
972,1982-APR,3.2,60.4,11.3,18.3,25.2
973,1982-AUG,1579.1,495.0,32.2,240.8,44.5
974,1982-DEC,0.3,10.8,0.0,0.2,30.9
975,1982-FEB,0.3,0.1,0.0,0.0,0.1
976,1982-JAN,0.0,0.7,0.9,0.1,0.2
977,1982-JUL,1258.7,511.5,72.7,217.0,52.5
978,1982-JUN,808.6,612.2,76.7,151.1,49.8
979,1982-MAR,0.3,21.9,0.6,2.0,8.6
980,1982-MAY,87.5,148.2,37.3,99.2,58.8
981,1982-NOV,62.6,127.5,130.4,50.8,200.8
982,1982-OCT,138.3,164.4,127.8,97.1,114.0
983,1982-SEP,151.8,70.6,105.5,126.9,93.4
984,1983-APR,0.0,13.1,4.7,5.1,5.5
985,1983-AUG,1231.8,579.9,193.0,262.5,132.0
986,1983-DEC,25.2,69.1,87.5,38.9,242.6
987,1983-FEB,0.0,1.5,1.0,0.0,0.2
988,1983-JAN,0.0,0.2,0.0,0.0,0.2
989,1983-JUL,1160.4,583.2,110.0,206.6,77.9
990,1983-JUN,712.6,322.8,54.8,215.3,72.9
991,1983-MAR,0.0,0.9,3.9,0.9,1.9
992,1983-MAY,24.4,76.0,54.6,77.0,86.9
993,1983-NOV,50.3,116.5,35.9,21.1,94.5
994,1983-OCT,140.9,136.2,125.1,97.8,138.7
995,1983-SEP,596.5,421.1,272.5,185.9,154.6
996,1984-APR,46.7,162.1,12.4,39.0,45.4
997,1984-AUG,613.6,284.4,19.1,122.3,38.0
998,1984-DEC,0.1,18.0,47.8,4.4,58.5
999,1984-FEB,6.0,60.0,81.0,7.9,131.3
1000,1984-JAN,4.3,36.8,6.5,2.1,34.5
1001,1984-JUL,1084.1,653.6,162.1,256.8,149.5
1002,1984-JUN,1110.2,842.6,27.8,196.2,43.6
1003,1984-MAR,34.2,95.3,28.4,75.4,101.7
1004,1984-MAY,24.0,84.6,10.1,44.7,21.6
1005,1984-NOV,11.2,67.7,127.6,5.7,113.5
1006,1984-OCT,227.9,286.0,79.3,142.3,134.8
1007,1984-SEP,196.8,171.1,130.9,167.1,151.3
1008,1985-APR,12.9,66.6,11.9,42.1,43.9
1009,1985-AUG,844.3,315.3,77.8,172.3,129.7
1010,1985-DEC,11.7,44.0,40.6,5.8,57.4
1011,1985-FEB,0.0,6.1,0.0,0.1,5.2
1012,1985-JAN,5.3,61.2,17.7,4.1,89.7
1013,1985-JUL,668.5,388.9,134.3,138.7,81.2
1014,1985-JUN,977.9,828.7,52.1,193.3,108.8
1015,1985-MAR,1.6,29.3,4.2,13.8,11.9
1016,1985-MAY,76.9,254.2,13.7,52.8,33.4
1017,1985-NOV,27.5,74.9,140.2,29.3,233.3
1018,1985-OCT,258.6,204.0,121.1,67.4,107.3
1019,1985-SEP,130.6,117.6,72.3,139.7,161.6
1020,1986-APR,6.2,63.1,9.2,26.2,20.9
1021,1986-AUG,808.9,340.3,54.7,208.2,115.2
1022,1986-DEC,2.5,9.5,10.3,8.4,57.1
1023,1986-FEB,0.1,18.7,14.5,9.2,39.0
1024,1986-JAN,0.3,5.6,68.8,13.9,65.5
1025,1986-JUL,723.3,324.8,55.9,149.9,66.9
1026,1986-JUN,976.5,597.9,58.7,210.0,63.4
1027,1986-MAR,4.8,11.2,0.0,3.9,16.1
1028,1986-MAY,20.9,126.7,17.0,51.7,62.7
1029,1986-NOV,112.5,194.7,81.8,94.1,133.4
1030,1986-OCT,102.2,165.5,103.1,79.4,170.5
1031,1986-SEP,176.3,235.4,106.9,175.3,142.3
1032,1987-APR,1.7,57.2,7.9,9.2,20.0
1033,1987-AUG,715.6,396.6,154.5,151.7,82.8
1034,1987-DEC,14.7,131.1,88.9,31.9,175.0
1035,1987-FEB,0.0,0.8,0.0,0.0,1.2
1036,1987-JAN,0.0,0.6,5.1,0.3,8.0
1037,1987-JUL,704.5,221.0,28.8,114.9,26.1
1038,1987-JUN,728.3,572.6,56.9,135.7,70.5
1039,1987-MAR,0.2,4.3,11.9,4.5,28.7
1040,1987-MAY,63.5,108.3,28.7,64.2,50.5
1041,1987-NOV,74.9,216.0,120.3,76.9,136.9
1042,1987-OCT,232.2,272.1,178.4,205.4,236.7
1043,1987-SEP,180.6,157.0,88.0,139.9,127.0
1044,1988-APR,32.0,177.6,43.0,71.4,94.6
1045,1988-AUG,832.6,379.8,217.6,251.3,149.8
1046,1988-DEC,11.3,31.1,30.7,19.9,33.1
1047,1988-FEB,0.2,17.5,0.4,2.9,3.8
1048,1988-JAN,0.0,0.8,0.6,0.2,0.2
1049,1988-JUL,1295.8,502.8,178.0,276.0,102.6
1050,1988-JUN,689.3,511.3,24.8,68.0,41.1
1051,1988-MAR,0.0,38.1,4.0,11.9,27.4
1052,1988-MAY,28.4,157.2,52.9,84.9,59.1
1053,1988-NOV,2.4,67.0,61.3,5.9,117.6
1054,1988-OCT,122.7,68.5,42.8,30.6,71.8
1055,1988-SEP,451.9,451.7,186.1,199.2,136.1
1056,1989-APR,22.4,141.5,2.2,24.0,40.8
1057,1989-AUG,829.3,285.5,26.6,135.0,39.7
1058,1989-DEC,0.3,5.6,46.1,5.2,39.8
1059,1989-FEB,0.0,0.0,0.0,0.1,0.0
1060,1989-JAN,0.0,10.3,0.0,0.0,2.7
1061,1989-JUL,914.4,450.7,245.2,286.3,154.9
1062,1989-JUN,982.5,657.5,50.4,145.0,57.4
1063,1989-MAR,8.4,30.1,25.4,12.5,27.9
1064,1989-MAY,53.6,169.4,24.0,53.3,53.6
1065,1989-NOV,31.9,92.9,75.7,15.7,154.0
1066,1989-OCT,138.1,308.0,51.2,86.9,148.6
1067,1989-SEP,234.7,271.1,146.8,149.4,137.3
1068,1990-APR,5.2,41.8,8.1,15.2,24.3
1069,1990-AUG,1087.0,370.8,100.1,193.8,80.1
1070,1990-DEC,1.5,5.2,10.9,2.2,46.1
1071,1990-FEB,0.0,4.8,5.5,0.1,10.2
1072,1990-JAN,1.7,14.9,2.1,4.0,84.8
1073,1990-JUL,1110.8,635.4,62.3,148.5,40.0
1074,1990-JUN,997.0,528.6,48.9,130.1,28.9
1075,1990-MAR,0.1,18.0,16.9,5.0,36.2
1076,1990-MAY,343.2,488.5,138.8,115.1,94.9
1077,1990-NOV,93.6,158.8,166.4,47.0,144.0
1078,1990-OCT,215.0,323.2,186.0,128.5,194.1
1079,1990-SEP,265.4,103.3,184.7,59.0,119.6
1080,1991-APR,47.7,97.0,26.3,64.2,37.4
1081,1991-AUG,896.5,465.5,101.6,165.5,71.7
1082,1991-DEC,0.7,2.3,11.7,0.1,21.4
1083,1991-FEB,0.0,4.4,0.0,0.1,4.6
1084,1991-JAN,0.1,10.9,11.5,1.0,24.2
1085,1991-JUL,1501.7,905.5,79.8,261.9,54.7
1086,1991-JUN,939.9,1096.1,187.6,248.9,128.1
1087,1991-MAR,0.3,33.2,6.2,2.6,9.7
1088,1991-MAY,95.9,113.4,32.4,108.6,29.5
1089,1991-NOV,45.6,99.9,219.6,60.0,234.4
1090,1991-OCT,111.8,307.8,191.0,192.5,225.1
1091,1991-SEP,79.5,48.5,99.9,115.8,114.0
1092,1992-APR,17.2,43.0,17.1,28.6,22.5
1093,1992-AUG,1097.5,508.0,89.9,215.9,59.9
1094,1992-DEC,0.0,3.7,4.6,0.2,52.1
1095,1992-FEB,0.0,0.9,0.0,0.3,0.2
1096,1992-JAN,0.0,2.4,7.7,0.2,3.1
1097,1992-JUL,1087.5,767.8,90.5,202.1,77.9
1098,1992-JUN,873.2,819.3,39.3,269.4,66.4
1099,1992-MAR,0.0,0.1,0.0,0.0,0.0
1100,1992-MAY,77.0,218.4,41.5,78.9,58.3
1101,1992-NOV,241.8,287.6,142.7,146.5,297.2
1102,1992-OCT,133.6,290.7,89.3,113.5,123.9
1103,1992-SEP,354.3,297.5,73.5,145.5,157.3
1104,1993-APR,21.7,66.5,11.3,22.9,11.2
1105,1993-AUG,742.0,301.9,123.7,189.9,88.8
1106,1993-DEC,51.5,46.2,94.5,33.7,163.1
1107,1993-FEB,0.1,17.8,6.7,0.5,7.0
1108,1993-JAN,0.0,0.0,0.0,0.0,0.1
1109,1993-JUL,1397.3,776.1,109.5,204.7,60.3
1110,1993-JUN,591.2,657.1,41.9,149.0,68.2
1111,1993-MAR,6.7,20.1,17.0,6.2,9.9
1112,1993-MAY,68.3,159.0,49.3,66.4,46.6
1113,1993-NOV,40.8,153.8,132.3,25.0,315.9
1114,1993-OCT,347.4,431.2,172.7,234.5,214.5
1115,1993-SEP,214.3,88.0,128.0,105.3,96.7
1116,1994-APR,72.9,154.5,25.1,54.6,48.3
1117,1994-AUG,907.0,479.9,107.8,132.6,66.1
1118,1994-DEC,0.5,6.5,20.8,0.5,27.0
1119,1994-FEB,0.0,27.1,13.2,2.4,27.6
1120,1994-JAN,3.5,24.3,5.3,11.7,7.0
1121,1994-JUL,1748.2,955.5,91.5,336.4,75.3
1122,1994-JUN,1221.1,845.0,34.4,184.9,38.6
1123,1994-MAR,6.3,18.1,2.1,3.9,5.5
1124,1994-MAY,44.1,141.3,43.8,70.9,66.6
1125,1994-NOV,28.6,117.6,101.1,24.8,229.1
1126,1994-OCT,336.0,428.4,207.4,238.6,230.6
1127,1994-SEP,268.1,212.6,38.0,96.4,84.2
1128,1995-APR,21.1,134.9,10.4,32.1,39.5
1129,1995-AUG,685.1,457.3,182.1,179.8,121.1
1130,1995-DEC,0.0,0.1,4.3,0.0,3.7
1131,1995-FEB,0.0,6.5,4.8,0.2,3.3
1132,1995-JAN,3.7,10.3,28.1,4.2,23.8
1133,1995-JUL,1375.7,702.5,156.1,248.4,86.7
1134,1995-JUN,535.8,493.4,69.4,79.6,64.6
1135,1995-MAR,0.7,37.3,12.8,3.5,16.7
1136,1995-MAY,137.8,355.6,136.4,70.9,139.0
1137,1995-NOV,57.4,182.6,45.0,30.1,107.9
1138,1995-OCT,192.0,198.3,130.9,98.8,143.1
1139,1995-SEP,348.5,280.0,94.0,135.6,94.0
1140,1996-APR,20.3,124.3,36.6,49.8,91.5
1141,1996-AUG,617.9,327.4,183.8,187.4,112.4
1142,1996-DEC,37.8,62.5,144.6,27.5,237.6
1143,1996-FEB,0.0,9.1,0.9,0.2,3.6
1144,1996-JAN,0.3,2.8,0.0,1.1,7.6
1145,1996-JUL,1122.6,696.0,72.2,187.3,55.4
1146,1996-JUN,787.0,572.4,270.7,204.4,125.3
1147,1996-MAR,0.4,14.4,2.4,1.5,5.0
1148,1996-MAY,26.2,74.3,32.9,52.8,34.0
1149,1996-NOV,27.5,89.9,44.3,10.9,106.0
1150,1996-OCT,259.5,294.1,279.2,132.9,149.7
1151,1996-SEP,289.3,342.7,210.1,188.3,141.2
1152,1997-APR,21.5,60.6,33.6,26.0,42.0
1153,1997-AUG,1146.0,536.0,80.7,246.8,56.4
1154,1997-DEC,59.2,88.4,78.8,33.6,135.2
1155,1997-FEB,0.0,1.5,1.4,0.1,0.2
1156,1997-JAN,0.7,2.1,16.5,4.9,7.7
1157,1997-JUL,1494.1,970.5,40.8,251.7,63.5
1158,1997-JUN,818.6,544.2,73.7,178.9,50.4
1159,1997-MAR,14.9,36.1,16.9,26.2,2.3
1160,1997-MAY,23.1,133.6,36.2,45.3,49.2
1161,1997-NOV,109.8,298.4,145.3,123.8,258.1
1162,1997-OCT,148.5,288.9,103.8,134.4,169.5
1163,1997-SEP,117.1,292.2,207.4,108.4,116.0
1164,1998-APR,6.6,61.1,32.7,31.6,23.6
1165,1998-AUG,633.9,371.8,164.7,205.5,152.9
1166,1998-DEC,11.3,79.4,44.7,11.7,197.4
1167,1998-FEB,0.0,2.1,3.1,0.0,5.7
1168,1998-JAN,0.0,6.0,0.2,0.0,6.9
1169,1998-JUL,1092.0,641.4,126.5,278.4,101.9
1170,1998-JUN,966.4,732.5,52.8,155.6,43.0
1171,1998-MAR,1.4,8.1,4.3,3.5,4.1
1172,1998-MAY,72.0,151.6,29.0,47.0,55.8
1173,1998-NOV,80.6,135.0,141.3,55.0,242.0
1174,1998-OCT,271.0,444.8,146.6,148.9,124.7
1175,1998-SEP,572.8,517.6,202.0,175.8,121.8
1176,1999-APR,7.1,111.6,11.1,42.2,56.9
1177,1999-AUG,518.4,266.3,97.4,138.8,74.8
1178,1999-DEC,0.5,4.9,12.0,3.5,53.6
1179,1999-FEB,0.4,23.8,5.1,4.6,24.1
1180,1999-JAN,0.0,1.8,0.8,0.1,8.3
1181,1999-JUL,1525.9,700.4,50.6,289.6,55.3
1182,1999-JUN,854.1,607.3,57.6,129.5,46.4
1183,1999-MAR,0.4,21.4,0.5,1.5,3.9
1184,1999-MAY,335.5,453.2,68.8,131.2,74.5
1185,1999-NOV,12.8,68.1,69.8,28.8,182.8
1186,1999-OCT,338.2,567.9,100.2,271.9,268.9
1187,1999-SEP,186.5,88.0,63.3,108.0,73.1
1188,2000-APR,25.8,96.3,22.1,46.3,41.6
1189,2000-AUG,741.7,566.5,241.5,300.6,136.1
1190,2000-DEC,2.4,69.1,36.7,12.1,88.9
1191,2000-FEB,0.5,57.8,34.3,15.5,74.5
1192,2000-JAN,14.9,11.7,0.0,1.4,30.3
1193,2000-JUL,915.6,343.2,94.7,200.5,45.8
1194,2000-JUN,966.8,633.8,92.7,167.5,52.2
1195,2000-MAR,0.9,21.5,0.2,0.3,9.4
1196,2000-MAY,216.4,124.5,73.8,59.3,54.7
1197,2000-NOV,12.5,78.1,37.7,14.1,148.6
1198,2000-OCT,174.7,214.2,134.7,206.2,120.3
1199,2000-SEP,279.2,195.8,102.9,183.5,169.8
1200,2001-APR,71.4,238.0,68.2,90.6,93.8
1201,2001-AUG,654.4,361.3,95.8,152.0,18.7
1202,2001-DEC,0.6,10.1,38.1,2.1,27.6
1203,2001-FEB,0.4,28.3,0.0,1.1,10.9
1204,2001-JAN,0.6,16.5,7.7,0.5,21.8
1205,2001-JUL,926.9,598.5,70.1,168.2,37.2
1206,2001-JUN,930.0,715.3,24.0,127.2,39.9
1207,2001-MAR,0.4,7.0,6.5,1.7,13.0
1208,2001-MAY,156.9,238.6,24.5,30.4,45.0
1209,2001-NOV,48.6,181.0,41.7,40.0,52.3
1210,2001-OCT,169.7,319.6,352.5,122.7,69.5
1211,2001-SEP,151.8,216.8,195.5,189.9,53.8
1212,2002-APR,30.9,117.3,17.5,20.6,9.2
1213,2002-AUG,731.3,438.2,69.8,155.1,26.5
1214,2002-DEC,0.3,2.1,12.9,0.6,12.2
1215,2002-FEB,11.2,8.7,3.2,11.4,22.1
1216,2002-JAN,0.6,4.7,25.6,2.0,2.9
1217,2002-JUL,545.7,318.7,42.9,92.6,11.8
1218,2002-JUN,764.5,503.1,90.8,131.9,23.7
1219,2002-MAR,0.5,35.7,7.7,2.3,3.9
1220,2002-MAY,164.0,330.8,55.0,77.2,32.6
1221,2002-NOV,20.7,137.5,44.2,18.8,47.2
1222,2002-OCT,360.0,511.7,167.5,168.4,93.7
1223,2002-SEP,163.5,99.0,78.2,74.9,32.2
1224,2003-APR,37.3,134.4,15.0,36.4,17.1
1225,2003-AUG,637.5,350.3,116.4,152.2,49.3
1226,2003-DEC,0.0,9.7,9.6,3.6,7.1
1227,2003-FEB,3.6,50.9,1.3,4.2,4.1
1228,2003-JAN,0.1,0.7,0.0,0.1,0.3
1229,2003-JUL,970.6,532.0,183.4,162.5,38.7
1230,2003-JUN,973.8,566.7,57.4,118.2,22.5
1231,2003-MAR,8.4,82.1,26.1,20.1,18.0
1232,2003-MAY,10.2,91.0,4.1,9.6,19.8
1233,2003-NOV,10.7,76.4,11.7,11.5,59.5
1234,2003-OCT,183.7,407.0,175.5,192.4,86.0
1235,2003-SEP,236.0,93.6,124.9,51.9,26.1
1236,2004-APR,24.7,113.2,35.1,62.2,16.2
1237,2004-AUG,874.5,417.9,23.1,211.1,85.1
1238,2004-DEC,0.0,2.7,0.0,10.4,25.0
1239,2004-FEB,0.0,8.1,4.3,12.8,0.7
1240,2004-JAN,0.0,2.4,10.2,9.1,2.8
1241,2004-JUL,718.1,385.4,122.9,191.7,98.6
1242,2004-JUN,805.8,673.4,39.8,196.6,21.2
1243,2004-MAR,6.3,37.9,12.9,16.4,3.0
1244,2004-MAY,329.2,610.9,149.7,180.2,101.1
1245,2004-NOV,52.1,120.7,65.6,24.0,204.5
1246,2004-OCT,104.7,320.6,124.4,101.5,271.1
1247,2004-SEP,154.4,192.8,153.7,117.5,208.3
1248,2005-APR,72.5,205.9,38.5,76.0,128.0
1249,2005-AUG,692.0,291.0,106.6,233.2,93.3
1250,2005-DEC,2.3,56.4,81.7,5.3,148.5
1251,2005-FEB,0.2,7.0,13.6,3.9,11.1
1252,2005-JAN,0.5,19.8,1.3,7.2,4.1
1253,2005-JUL,1177.3,832.7,133.2,333.5,87.9
1254,2005-JUN,821.6,619.2,51.2,138.7,35.7
1255,2005-MAR,0.0,25.3,14.7,3.2,24.4
1256,2005-MAY,45.0,134.8,48.4,74.7,80.6
1257,2005-NOV,24.6,184.3,144.8,56.3,353.4
1258,2005-OCT,178.7,240.1,304.8,241.8,280.5
1259,2005-SEP,456.2,414.7,127.6,145.5,117.9
1260,2006-APR,5.9,65.3,9.7,24.7,32.6
1261,2006-AUG,855.6,432.6,72.0,172.9,73.4
1262,2006-DEC,0.0,1.8,20.0,1.1,26.1
1263,2006-FEB,0.0,0.5,0.0,0.1,0.2
1264,2006-JAN,1.0,8.1,0.2,0.2,15.3
1265,2006-JUL,1100.8,804.0,43.2,226.7,33.6
1266,2006-JUN,800.1,482.4,85.8,183.7,57.2
1267,2006-MAR,4.7,90.7,32.8,35.4,52.4
1268,2006-MAY,355.7,521.2,62.7,127.1,65.2
1269,2006-NOV,97.4,162.8,78.6,84.9,215.1
1270,2006-OCT,212.0,376.4,88.4,61.7,240.4
1271,2006-SEP,404.1,474.8,144.7,112.0,116.3
1272,2007-APR,40.2,138.5,6.0,39.8,58.0
1273,2007-AUG,980.4,489.6,186.9,245.5,136.5
1274,2007-DEC,0.8,11.9,81.8,14.6,219.9
1275,2007-FEB,0.0,5.6,0.5,0.3,7.5
1276,2007-JAN,0.0,0.5,0.0,0.1,7.2
1277,2007-JUL,1004.4,966.3,83.8,267.2,101.0
1278,2007-JUN,952.0,705.9,208.2,216.7,73.1
1279,2007-MAR,0.6,7.3,0.1,0.9,1.8
1280,2007-MAY,61.1,192.7,15.1,76.7,44.9
1281,2007-NOV,37.5,87.4,35.3,18.2,79.2
1282,2007-OCT,152.8,357.2,176.9,152.5,248.9
1283,2007-SEP,630.5,526.7,186.0,198.5,89.1
1284,2008-APR,33.4,108.4,4.1,24.9,31.5
1285,2008-AUG,886.3,349.0,104.9,269.8,126.5
1286,2008-DEC,13.5,17.0,5.9,5.2,50.1
1287,2008-FEB,14.8,30.3,18.7,20.7,29.1
1288,2008-JAN,0.0,0.8,6.4,0.8,11.7
1289,2008-JUL,687.8,505.1,81.4,203.4,73.1
1290,2008-JUN,850.7,469.9,31.7,149.8,51.1
1291,2008-MAR,161.4,217.2,62.9,108.9,164.7
1292,2008-MAY,64.3,81.2,42.1,66.3,53.7
1293,2008-NOV,19.3,55.4,192.1,32.3,298.5
1294,2008-OCT,91.6,343.4,126.0,117.1,242.7
1295,2008-SEP,383.3,347.0,121.7,141.4,70.7
1296,2009-APR,24.5,69.0,8.4,25.4,41.4
1297,2009-AUG,486.1,269.3,128.5,153.2,96.9
1298,2009-DEC,35.4,44.2,35.4,22.9,106.2
1299,2009-FEB,0.0,1.5,0.0,0.1,0.0
1300,2009-JAN,0.4,3.3,0.5,0.1,7.9
1301,2009-JUL,1778.9,924.9,33.2,324.7,42.1
1302,2009-JUN,450.3,438.2,68.9,101.6,27.0
1303,2009-MAR,35.2,62.6,5.3,27.3,41.0
1304,2009-MAY,100.7,191.6,47.4,101.3,74.8
1305,2009-NOV,132.4,274.4,135.6,55.7,314.7
1306,2009-OCT,287.4,205.2,69.3,98.2,62.1
1307,2009-SEP,530.7,326.5,155.8,247.9,114.4
1308,2010-APR,62.2,138.9,13.0,71.1,22.9
1309,2010-AUG,637.5,356.0,155.0,228.1,102.9
1310,2010-DEC,11.0,46.8,46.7,2.5,124.5
1311,2010-FEB,0.4,1.0,0.8,1.7,0.2
1312,2010-JAN,14.4,18.6,4.7,7.9,11.8
1313,2010-JUL,1200.2,629.0,187.6,235.1,81.4
1314,2010-JUN,682.7,667.5,108.3,129.1,70.0
1315,2010-MAR,3.5,31.4,0.6,5.6,1.9
1316,2010-MAY,80.2,190.6,65.4,94.9,91.9
1317,2010-NOV,231.5,335.1,175.1,183.5,328.6
1318,2010-OCT,294.7,441.4,83.4,129.6,148.1
1319,2010-SEP,468.4,275.6,122.9,150.7,111.1
1320,2011-APR,66.1,165.2,34.6,80.2,91.5
1321,2011-AUG,861.3,492.7,163.6,199.5,128.9
1322,2011-DEC,10.2,49.5,35.1,5.0,41.0
1323,2011-FEB,3.8,45.7,12.1,12.4,11.2
1324,2011-JAN,4.8,20.5,0.8,2.1,4.3
1325,2011-JUL,1080.5,536.8,128.9,202.4,45.5
1326,2011-JUN,1018.4,788.5,44.5,177.1,56.0
1327,2011-MAR,8.7,24.1,0.0,12.4,8.0
1328,2011-MAY,49.3,124.2,33.0,83.5,33.4
1329,2011-NOV,81.5,169.7,106.9,56.7,230.5
1330,2011-OCT,178.8,227.2,107.5,144.8,200.4
1331,2011-SEP,545.2,391.2,71.2,111.2,76.0
1332,2012-APR,77.0,171.1,32.7,99.0,35.5
1333,2012-AUG,1027.6,501.6,120.0,236.5,98.0
1334,2012-DEC,3.6,9.4,61.9,6.2,14.0
1335,2012-FEB,11.4,11.0,0.0,5.5,0.1
1336,2012-JAN,,7.4,2.7,4.6,3.0
1337,2012-JUL,754.6,362.6,139.7,144.7,46.5
1338,2012-JUN,650.9,430.3,47.0,81.8,30.1
1339,2012-MAR,5.1,21.0,2.5,8.1,2.5
1340,2012-MAY,22.9,95.3,38.8,45.6,41.9
1341,2012-NOV,68.0,112.9,86.6,82.6,44.5
1342,2012-OCT,115.1,187.5,113.7,62.8,235.2
1343,2012-SEP,382.0,241.1,69.5,100.6,84.9
1344,2013-APR,28.5,49.3,26.8,34.6,20.3
1345,2013-AUG,680.2,369.7,110.3,151.7,110.7
1346,2013-DEC,10.0,17.0,2.6,2.4,53.2
1347,2013-FEB,19.6,40.1,30.6,10.1,30.9
1348,2013-JAN,2.4,3.9,1.3,0.5,3.9
1349,2013-JUL,1515.3,830.2,95.7,307.4,42.7
1350,2013-JUN,1153.0,1042.7,73.8,176.2,54.6
1351,2013-MAR,19.0,49.9,11.5,11.7,30.0
1352,2013-MAY,100.4,119.3,38.9,95.6,42.0
1353,2013-NOV,56.9,154.9,38.6,24.9,112.3
1354,2013-OCT,265.1,259.9,169.3,103.7,127.9
1355,2013-SEP,379.1,318.6,163.2,191.8,113.5
1356,2014-APR,40.5,95.7,5.1,46.7,8.3
1357,2014-AUG,1121.0,733.9,115.1,254.6,117.7
1358,2014-DEC,30.8,47.2,12.8,18.7,66.0
1359,2014-FEB,0.3,10.3,0.7,2.4,6.1
1360,2014-JAN,0.0,4.6,0.2,0.4,7.4
1361,2014-JUL,1155.4,677.8,68.7,271.6,50.6
1362,2014-JUN,507.0,454.4,66.3,106.8,47.8
1363,2014-MAR,1.9,17.9,12.5,17.7,8.1
1364,2014-MAY,181.9,251.0,46.7,130.5,139.1
1365,2014-NOV,40.0,99.5,37.8,20.2,110.8
1366,2014-OCT,226.4,355.5,104.6,152.9,252.2
1367,2014-SEP,379.3,298.8,81.4,161.6,98.9
1368,2015-APR,72.2,214.1,73.4,80.5,108.8
1369,2015-AUG,575.2,252.2,123.6,136.6,81.6
1370,2015-DEC,14.3,79.4,52.2,4.4,152.8
1371,2015-FEB,1.0,5.8,0.0,0.2,2.3
1372,2015-JAN,1.4,3.1,1.9,1.7,8.3
1373,2015-JUL,930.9,406.0,43.1,112.0,43.5
1374,2015-JUN,735.3,563.6,73.0,218.7,62.4
1375,2015-MAR,32.3,50.1,13.4,24.4,21.7
1376,2015-MAY,150.3,201.8,39.7,125.3,112.4
1377,2015-NOV,124.2,223.6,383.8,138.1,379.8
1378,2015-OCT,208.5,308.1,106.7,106.1,132.6
1379,2015-SEP,260.3,292.9,136.3,164.5,98.4
